[{"key":"TES-54","summary":"a","description":null,"status":{"id":"10000","name":"To Do","statusCategory":"To Do"},"issueType":{"id":"10004","name":"エピック","avatarUrl":"https://derui.atlassian.net/rest/api/2/universal_avatar/view/type/issuetype/avatar/10307?size=medium"},"selfUrl":"https://derui.atlassian.net/rest/api/3/issue/10053","links":[],"subtasks":[]},{"key":"TES-52","summary":"aaa","description":null,"status":{"id":"10000","name":"To Do","statusCategory":"To Do"},"issueType":{"id":"10001","name":"ストーリー","avatarUrl":"https://derui.atlassian.net/rest/api/2/universal_avatar/view/type/issuetype/avatar/10315?size=medium"},"selfUrl":"https://derui.atlassian.net/rest/api/3/issue/10051","links":[],"subtasks":[]},{"key":"TES-51","summary":"task 5","description":null,"status":{"id":"10000","name":"To Do","statusCategory":"To Do"},"issueType":{"id":"10002","name":"タスク","avatarUrl":"https://derui.atlassian.net/rest/api/2/universal_avatar/view/type/issuetype/avatar/10318?size=medium"},"selfUrl":"https://derui.atlassian.net/rest/api/3/issue/10050","links":[{"id":"10017","outwardIssue":"TES-45","inwardIssue":"TES-51"},{"id":"10019","outwardIssue":"TES-50","inwardIssue":"TES-51"}],"subtasks":[]},{"key":"TES-50","summary":"task 4","description":null,"status":{"id":"10000","name":"To Do","statusCategory":"To Do"},"issueType":{"id":"10002","name":"タスク","avatarUrl":"https://derui.atlassian.net/rest/api/2/universal_avatar/view/type/issuetype/avatar/10318?size=medium"},"selfUrl":"https://derui.atlassian.net/rest/api/3/issue/10049","links":[{"id":"10019","outwardIssue":"TES-50","inwardIssue":"TES-51"}],"subtasks":[]},{"key":"TES-49","summary":"task 2-5","description":null,"status":{"id":"10003","name":"In Review","statusCategory":"進行中"},"issueType":{"id":"10005","name":"サブタスク","avatarUrl":"https://derui.atlassian.net/rest/api/2/universal_avatar/view/type/issuetype/avatar/10316?size=medium"},"selfUrl":"https://derui.atlassian.net/rest/api/3/issue/10048","links":[{"id":"10020","outwardIssue":"TES-47","inwardIssue":"TES-49"}],"subtasks":[]},{"key":"TES-48","summary":"task 2-4","description":null,"status":{"id":"10000","name":"To Do","statusCategory":"To Do"},"issueType":{"id":"10005","name":"サブタスク","avatarUrl":"https://derui.atlassian.net/rest/api/2/universal_avatar/view/type/issuetype/avatar/10316?size=medium"},"selfUrl":"https://derui.atlassian.net/rest/api/3/issue/10047","links":[{"id":"10021","outwardIssue":"TES-46","inwardIssue":"TES-48"}],"subtasks":[]},{"key":"TES-47","summary":"task 2-3","description":null,"status":{"id":"10000","name":"To Do","statusCategory":"To Do"},"issueType":{"id":"10005","name":"サブタスク","avatarUrl":"https://derui.atlassian.net/rest/api/2/universal_avatar/view/type/issuetype/avatar/10316?size=medium"},"selfUrl":"https://derui.atlassian.net/rest/api/3/issue/10046","links":[{"id":"10020","outwardIssue":"TES-47","inwardIssue":"TES-49"}],"subtasks":[]},{"key":"TES-46","summary":"task 2-2","description":null,"status":{"id":"10000","name":"To Do","statusCategory":"To Do"},"issueType":{"id":"10005","name":"サブタスク","avatarUrl":"https://derui.atlassian.net/rest/api/2/universal_avatar/view/type/issuetype/avatar/10316?size=medium"},"selfUrl":"https://derui.atlassian.net/rest/api/3/issue/10045","links":[{"id":"10021","outwardIssue":"TES-46","inwardIssue":"TES-48"}],"subtasks":[]},{"key":"TES-45","summary":"task 3","description":null,"status":{"id":"10000","name":"To Do","statusCategory":"To Do"},"issueType":{"id":"10002","name":"タスク","avatarUrl":"https://derui.atlassian.net/rest/api/2/universal_avatar/view/type/issuetype/avatar/10318?size=medium"},"selfUrl":"https://derui.atlassian.net/rest/api/3/issue/10044","links":[{"id":"10017","outwardIssue":"TES-45","inwardIssue":"TES-51"}],"subtasks":[]},{"key":"TES-44","summary":"task 2","description":null,"status":{"id":"10000","name":"To Do","statusCategory":"To Do"},"issueType":{"id":"10002","name":"タスク","avatarUrl":"https://derui.atlassian.net/rest/api/2/universal_avatar/view/type/issuetype/avatar/10318?size=medium"},"selfUrl":"https://derui.atlassian.net/rest/api/3/issue/10043","links":[],"subtasks":["TES-46","TES-47","TES-48","TES-49"]},{"key":"TES-43","summary":"task 1","description":null,"status":{"id":"10000","name":"To Do","statusCategory":"To Do"},"issueType":{"id":"10002","name":"タスク","avatarUrl":"https://derui.atlassian.net/rest/api/2/universal_avatar/view/type/issuetype/avatar/10318?size=medium"},"selfUrl":"https://derui.atlassian.net/rest/api/3/issue/10042","links":[],"subtasks":[]},{"key":"TES-42","summary":"bug 14","description":null,"status":{"id":"10000","name":"To Do","statusCategory":"To Do"},"issueType":{"id":"10003","name":"バグ","avatarUrl":"https://derui.atlassian.net/rest/api/2/universal_avatar/view/type/issuetype/avatar/10303?size=medium"},"selfUrl":"https://derui.atlassian.net/rest/api/3/issue/10041","links":[{"id":"10023","outwardIssue":"TES-8","inwardIssue":"TES-42"}],"subtasks":[]},{"key":"TES-41","summary":"bug 13","description":null,"status":{"id":"10000","name":"To Do","statusCategory":"To Do"},"issueType":{"id":"10003","name":"バグ","avatarUrl":"https://derui.atlassian.net/rest/api/2/universal_avatar/view/type/issuetype/avatar/10303?size=medium"},"selfUrl":"https://derui.atlassian.net/rest/api/3/issue/10040","links":[{"id":"10016","outwardIssue":"TES-16","inwardIssue":"TES-41"}],"subtasks":[]},{"key":"TES-40","summary":"bug 12","description":null,"status":{"id":"10000","name":"To Do","statusCategory":"To Do"},"issueType":{"id":"10003","name":"バグ","avatarUrl":"https://derui.atlassian.net/rest/api/2/universal_avatar/view/type/issuetype/avatar/10303?size=medium"},"selfUrl":"https://derui.atlassian.net/rest/api/3/issue/10039","links":[],"subtasks":[]},{"key":"TES-39","summary":"bug 11-10","description":null,"status":{"id":"10000","name":"To Do","statusCategory":"To Do"},"issueType":{"id":"10005","name":"サブタスク","avatarUrl":"https://derui.atlassian.net/rest/api/2/universal_avatar/view/type/issuetype/avatar/10316?size=medium"},"selfUrl":"https://derui.atlassian.net/rest/api/3/issue/10038","links":[],"subtasks":[]},{"key":"TES-38","summary":"bug 11-9","description":null,"status":{"id":"10000","name":"To Do","statusCategory":"To Do"},"issueType":{"id":"10005","name":"サブタスク","avatarUrl":"https://derui.atlassian.net/rest/api/2/universal_avatar/view/type/issuetype/avatar/10316?size=medium"},"selfUrl":"https://derui.atlassian.net/rest/api/3/issue/10037","links":[],"subtasks":[]},{"key":"TES-37","summary":"bug 11-8","description":null,"status":{"id":"10000","name":"To Do","statusCategory":"To Do"},"issueType":{"id":"10005","name":"サブタスク","avatarUrl":"https://derui.atlassian.net/rest/api/2/universal_avatar/view/type/issuetype/avatar/10316?size=medium"},"selfUrl":"https://derui.atlassian.net/rest/api/3/issue/10036","links":[{"id":"10015","outwardIssue":"TES-4","inwardIssue":"TES-37"}],"subtasks":[]},{"key":"TES-36","summary":"bug 11-7","description":null,"status":{"id":"10000","name":"To Do","statusCategory":"To Do"},"issueType":{"id":"10005","name":"サブタスク","avatarUrl":"https://derui.atlassian.net/rest/api/2/universal_avatar/view/type/issuetype/avatar/10316?size=medium"},"selfUrl":"https://derui.atlassian.net/rest/api/3/issue/10035","links":[],"subtasks":[]},{"key":"TES-35","summary":"bug 11-6","description":null,"status":{"id":"10000","name":"To Do","statusCategory":"To Do"},"issueType":{"id":"10005","name":"サブタスク","avatarUrl":"https://derui.atlassian.net/rest/api/2/universal_avatar/view/type/issuetype/avatar/10316?size=medium"},"selfUrl":"https://derui.atlassian.net/rest/api/3/issue/10034","links":[{"id":"10014","outwardIssue":"TES-4","inwardIssue":"TES-35"}],"subtasks":[]},{"key":"TES-34","summary":"bug 11-5","description":null,"status":{"id":"10000","name":"To Do","statusCategory":"To Do"},"issueType":{"id":"10005","name":"サブタスク","avatarUrl":"https://derui.atlassian.net/rest/api/2/universal_avatar/view/type/issuetype/avatar/10316?size=medium"},"selfUrl":"https://derui.atlassian.net/rest/api/3/issue/10033","links":[],"subtasks":[]},{"key":"TES-33","summary":"bug 11-4","description":null,"status":{"id":"10000","name":"To Do","statusCategory":"To Do"},"issueType":{"id":"10005","name":"サブタスク","avatarUrl":"https://derui.atlassian.net/rest/api/2/universal_avatar/view/type/issuetype/avatar/10316?size=medium"},"selfUrl":"https://derui.atlassian.net/rest/api/3/issue/10032","links":[],"subtasks":[]},{"key":"TES-32","summary":"bug 11-3","description":null,"status":{"id":"10000","name":"To Do","statusCategory":"To Do"},"issueType":{"id":"10005","name":"サブタスク","avatarUrl":"https://derui.atlassian.net/rest/api/2/universal_avatar/view/type/issuetype/avatar/10316?size=medium"},"selfUrl":"https://derui.atlassian.net/rest/api/3/issue/10031","links":[],"subtasks":[]},{"key":"TES-31","summary":"bug 11-2","description":null,"status":{"id":"10000","name":"To Do","statusCategory":"To Do"},"issueType":{"id":"10005","name":"サブタスク","avatarUrl":"https://derui.atlassian.net/rest/api/2/universal_avatar/view/type/issuetype/avatar/10316?size=medium"},"selfUrl":"https://derui.atlassian.net/rest/api/3/issue/10030","links":[],"subtasks":[]},{"key":"TES-30","summary":"bug 11-1","description":null,"status":{"id":"10002","name":"完了","statusCategory":"完了"},"issueType":{"id":"10005","name":"サブタスク","avatarUrl":"https://derui.atlassian.net/rest/api/2/universal_avatar/view/type/issuetype/avatar/10316?size=medium"},"selfUrl":"https://derui.atlassian.net/rest/api/3/issue/10029","links":[],"subtasks":[]},{"key":"TES-29","summary":"bug 11","description":null,"status":{"id":"10000","name":"To Do","statusCategory":"To Do"},"issueType":{"id":"10003","name":"バグ","avatarUrl":"https://derui.atlassian.net/rest/api/2/universal_avatar/view/type/issuetype/avatar/10303?size=medium"},"selfUrl":"https://derui.atlassian.net/rest/api/3/issue/10028","links":[{"id":"10005","outwardIssue":"TES-3","inwardIssue":"TES-29"}],"subtasks":["TES-30","TES-31","TES-32","TES-33","TES-34","TES-35","TES-36","TES-37","TES-38","TES-39"]},{"key":"TES-28","summary":"bug 10","description":null,"status":{"id":"10000","name":"To Do","statusCategory":"To Do"},"issueType":{"id":"10003","name":"バグ","avatarUrl":"https://derui.atlassian.net/rest/api/2/universal_avatar/view/type/issuetype/avatar/10303?size=medium"},"selfUrl":"https://derui.atlassian.net/rest/api/3/issue/10027","links":[],"subtasks":[]},{"key":"TES-27","summary":"bug 9","description":null,"status":{"id":"10000","name":"To Do","statusCategory":"To Do"},"issueType":{"id":"10003","name":"バグ","avatarUrl":"https://derui.atlassian.net/rest/api/2/universal_avatar/view/type/issuetype/avatar/10303?size=medium"},"selfUrl":"https://derui.atlassian.net/rest/api/3/issue/10026","links":[],"subtasks":[]},{"key":"TES-26","summary":"bug 8","description":null,"status":{"id":"10000","name":"To Do","statusCategory":"To Do"},"issueType":{"id":"10003","name":"バグ","avatarUrl":"https://derui.atlassian.net/rest/api/2/universal_avatar/view/type/issuetype/avatar/10303?size=medium"},"selfUrl":"https://derui.atlassian.net/rest/api/3/issue/10025","links":[],"subtasks":[]},{"key":"TES-25","summary":"bug 7","description":null,"status":{"id":"10000","name":"To Do","statusCategory":"To Do"},"issueType":{"id":"10003","name":"バグ","avatarUrl":"https://derui.atlassian.net/rest/api/2/universal_avatar/view/type/issuetype/avatar/10303?size=medium"},"selfUrl":"https://derui.atlassian.net/rest/api/3/issue/10024","links":[],"subtasks":[]},{"key":"TES-24","summary":"bug 6","description":null,"status":{"id":"10000","name":"To Do","statusCategory":"To Do"},"issueType":{"id":"10003","name":"バグ","avatarUrl":"https://derui.atlassian.net/rest/api/2/universal_avatar/view/type/issuetype/avatar/10303?size=medium"},"selfUrl":"https://derui.atlassian.net/rest/api/3/issue/10023","links":[],"subtasks":[]},{"key":"TES-23","summary":"bug 5","description":null,"status":{"id":"10000","name":"To Do","statusCategory":"To Do"},"issueType":{"id":"10003","name":"バグ","avatarUrl":"https://derui.atlassian.net/rest/api/2/universal_avatar/view/type/issuetype/avatar/10303?size=medium"},"selfUrl":"https://derui.atlassian.net/rest/api/3/issue/10022","links":[],"subtasks":[]},{"key":"TES-22","summary":"bug 4","description":null,"status":{"id":"10000","name":"To Do","statusCategory":"To Do"},"issueType":{"id":"10003","name":"バグ","avatarUrl":"https://derui.atlassian.net/rest/api/2/universal_avatar/view/type/issuetype/avatar/10303?size=medium"},"selfUrl":"https://derui.atlassian.net/rest/api/3/issue/10021","links":[],"subtasks":[]},{"key":"TES-21","summary":"bug 3","description":null,"status":{"id":"10000","name":"To Do","statusCategory":"To Do"},"issueType":{"id":"10003","name":"バグ","avatarUrl":"https://derui.atlassian.net/rest/api/2/universal_avatar/view/type/issuetype/avatar/10303?size=medium"},"selfUrl":"https://derui.atlassian.net/rest/api/3/issue/10020","links":[],"subtasks":[]},{"key":"TES-20","summary":"bug 2","description":null,"status":{"id":"10000","name":"To Do","statusCategory":"To Do"},"issueType":{"id":"10003","name":"バグ","avatarUrl":"https://derui.atlassian.net/rest/api/2/universal_avatar/view/type/issuetype/avatar/10303?size=medium"},"selfUrl":"https://derui.atlassian.net/rest/api/3/issue/10019","links":[],"subtasks":[]},{"key":"TES-19","summary":"bug 1","description":null,"status":{"id":"10000","name":"To Do","statusCategory":"To Do"},"issueType":{"id":"10003","name":"バグ","avatarUrl":"https://derui.atlassian.net/rest/api/2/universal_avatar/view/type/issuetype/avatar/10303?size=medium"},"selfUrl":"https://derui.atlassian.net/rest/api/3/issue/10018","links":[],"subtasks":[]},{"key":"TES-18","summary":"e","description":null,"status":{"id":"10000","name":"To Do","statusCategory":"To Do"},"issueType":{"id":"10005","name":"サブタスク","avatarUrl":"https://derui.atlassian.net/rest/api/2/universal_avatar/view/type/issuetype/avatar/10316?size=medium"},"selfUrl":"https://derui.atlassian.net/rest/api/3/issue/10017","links":[],"subtasks":[]},{"key":"TES-17","summary":"d","description":null,"status":{"id":"10000","name":"To Do","statusCategory":"To Do"},"issueType":{"id":"10005","name":"サブタスク","avatarUrl":"https://derui.atlassian.net/rest/api/2/universal_avatar/view/type/issuetype/avatar/10316?size=medium"},"selfUrl":"https://derui.atlassian.net/rest/api/3/issue/10016","links":[],"subtasks":[]},{"key":"TES-16","summary":"b","description":null,"status":{"id":"10000","name":"To Do","statusCategory":"To Do"},"issueType":{"id":"10005","name":"サブタスク","avatarUrl":"https://derui.atlassian.net/rest/api/2/universal_avatar/view/type/issuetype/avatar/10316?size=medium"},"selfUrl":"https://derui.atlassian.net/rest/api/3/issue/10015","links":[{"id":"10008","outwardIssue":"TES-16","inwardIssue":"TES-15"},{"id":"10016","outwardIssue":"TES-16","inwardIssue":"TES-41"}],"subtasks":[]},{"key":"TES-15","summary":"a","description":null,"status":{"id":"10000","name":"To Do","statusCategory":"To Do"},"issueType":{"id":"10005","name":"サブタスク","avatarUrl":"https://derui.atlassian.net/rest/api/2/universal_avatar/view/type/issuetype/avatar/10316?size=medium"},"selfUrl":"https://derui.atlassian.net/rest/api/3/issue/10014","links":[{"id":"10008","outwardIssue":"TES-16","inwardIssue":"TES-15"}],"subtasks":[]},{"key":"TES-14","summary":"test 12","description":null,"status":{"id":"10000","name":"To Do","statusCategory":"To Do"},"issueType":{"id":"10002","name":"タスク","avatarUrl":"https://derui.atlassian.net/rest/api/2/universal_avatar/view/type/issuetype/avatar/10318?size=medium"},"selfUrl":"https://derui.atlassian.net/rest/api/3/issue/10013","links":[],"subtasks":[]},{"key":"TES-13","summary":"test 11","description":null,"status":{"id":"10002","name":"完了","statusCategory":"完了"},"issueType":{"id":"10002","name":"タスク","avatarUrl":"https://derui.atlassian.net/rest/api/2/universal_avatar/view/type/issuetype/avatar/10318?size=medium"},"selfUrl":"https://derui.atlassian.net/rest/api/3/issue/10012","links":[{"id":"10022","outwardIssue":"TES-8","inwardIssue":"TES-13"},{"id":"10007","outwardIssue":"TES-13","inwardIssue":"TES-9"}],"subtasks":[]},{"key":"TES-12","summary":"test 9","description":null,"status":{"id":"10003","name":"In Review","statusCategory":"進行中"},"issueType":{"id":"10002","name":"タスク","avatarUrl":"https://derui.atlassian.net/rest/api/2/universal_avatar/view/type/issuetype/avatar/10318?size=medium"},"selfUrl":"https://derui.atlassian.net/rest/api/3/issue/10011","links":[{"id":"10006","outwardIssue":"TES-12","inwardIssue":"TES-11"}],"subtasks":[]},{"key":"TES-11","summary":"test 8","description":null,"status":{"id":"10002","name":"完了","statusCategory":"完了"},"issueType":{"id":"10001","name":"ストーリー","avatarUrl":"https://derui.atlassian.net/rest/api/2/universal_avatar/view/type/issuetype/avatar/10315?size=medium"},"selfUrl":"https://derui.atlassian.net/rest/api/3/issue/10010","links":[{"id":"10006","outwardIssue":"TES-12","inwardIssue":"TES-11"}],"subtasks":[]},{"key":"TES-10","summary":"test 6","description":null,"status":{"id":"10000","name":"To Do","statusCategory":"To Do"},"issueType":{"id":"10001","name":"ストーリー","avatarUrl":"https://derui.atlassian.net/rest/api/2/universal_avatar/view/type/issuetype/avatar/10315?size=medium"},"selfUrl":"https://derui.atlassian.net/rest/api/3/issue/10009","links":[],"subtasks":[]},{"key":"TES-9","summary":"test 5","description":null,"status":{"id":"10001","name":"進行中","statusCategory":"進行中"},"issueType":{"id":"10001","name":"ストーリー","avatarUrl":"https://derui.atlassian.net/rest/api/2/universal_avatar/view/type/issuetype/avatar/10315?size=medium"},"selfUrl":"https://derui.atlassian.net/rest/api/3/issue/10008","links":[{"id":"10007","outwardIssue":"TES-13","inwardIssue":"TES-9"}],"subtasks":[]},{"key":"TES-8","summary":"test4","description":null,"status":{"id":"10002","name":"完了","statusCategory":"完了"},"issueType":{"id":"10001","name":"ストーリー","avatarUrl":"https://derui.atlassian.net/rest/api/2/universal_avatar/view/type/issuetype/avatar/10315?size=medium"},"selfUrl":"https://derui.atlassian.net/rest/api/3/issue/10007","links":[{"id":"10023","outwardIssue":"TES-8","inwardIssue":"TES-42"},{"id":"10022","outwardIssue":"TES-8","inwardIssue":"TES-13"}],"subtasks":["TES-15","TES-16","TES-17","TES-18"]},{"key":"TES-7","summary":"sub4","description":null,"status":{"id":"10000","name":"To Do","statusCategory":"To Do"},"issueType":{"id":"10005","name":"サブタスク","avatarUrl":"https://derui.atlassian.net/rest/api/2/universal_avatar/view/type/issuetype/avatar/10316?size=medium"},"selfUrl":"https://derui.atlassian.net/rest/api/3/issue/10006","links":[],"subtasks":[]},{"key":"TES-6","summary":"sub3","description":null,"status":{"id":"10000","name":"To Do","statusCategory":"To Do"},"issueType":{"id":"10005","name":"サブタスク","avatarUrl":"https://derui.atlassian.net/rest/api/2/universal_avatar/view/type/issuetype/avatar/10316?size=medium"},"selfUrl":"https://derui.atlassian.net/rest/api/3/issue/10005","links":[{"id":"10003","outwardIssue":"TES-6","inwardIssue":"TES-5"}],"subtasks":[]},{"key":"TES-5","summary":"sub2","description":null,"status":{"id":"10000","name":"To Do","statusCategory":"To Do"},"issueType":{"id":"10005","name":"サブタスク","avatarUrl":"https://derui.atlassian.net/rest/api/2/universal_avatar/view/type/issuetype/avatar/10316?size=medium"},"selfUrl":"https://derui.atlassian.net/rest/api/3/issue/10004","links":[{"id":"10003","outwardIssue":"TES-6","inwardIssue":"TES-5"}],"subtasks":[]},{"key":"TES-4","summary":"sub1","description":null,"status":{"id":"10000","name":"To Do","statusCategory":"To Do"},"issueType":{"id":"10005","name":"サブタスク","avatarUrl":"https://derui.atlassian.net/rest/api/2/universal_avatar/view/type/issuetype/avatar/10316?size=medium"},"selfUrl":"https://derui.atlassian.net/rest/api/3/issue/10003","links":[{"id":"10014","outwardIssue":"TES-4","inwardIssue":"TES-35"},{"id":"10015","outwardIssue":"TES-4","inwardIssue":"TES-37"}],"subtasks":[]}]