[{"key":"TES-52","summary":"aaa","description":null,"status":{"id":"10000","name":"To Do","statusCategory":"To Do"},"issueType":{"id":"10001","name":"ストーリー","avatarUrl":"https://yourdomain.atlassian.net/rest/api/2/universal_avatar/view/type/issuetype/avatar/10315?size=medium"},"selfUrl":"https://yourdomain.atlassian.net/rest/api/3/issue/10051","links":[],"subtasks":[]},{"key":"TES-51","summary":"task 5","description":null,"status":{"id":"10000","name":"To Do","statusCategory":"To Do"},"issueType":{"id":"10002","name":"タスク","avatarUrl":"https://yourdomain.atlassian.net/rest/api/2/universal_avatar/view/type/issuetype/avatar/10318?size=medium"},"selfUrl":"https://yourdomain.atlassian.net/rest/api/3/issue/10050","links":[{"id":"10017","outwardIssue":"TES-45","inwardIssue":"TES-51"},{"id":"10019","outwardIssue":"TES-50","inwardIssue":"TES-51"}],"subtasks":[]},{"key":"TES-54","summary":"a","description":null,"status":{"id":"10000","name":"To Do","statusCategory":"To Do"},"issueType":{"id":"10004","name":"エピック","avatarUrl":"https://yourdomain.atlassian.net/rest/api/2/universal_avatar/view/type/issuetype/avatar/10307?size=medium"},"selfUrl":"https://yourdomain.atlassian.net/rest/api/3/issue/10053","links":[],"subtasks":[]}]
